gender,n,stem,stem_rate
Men,49745,25238,0.50734747210775
Women,76621,26379,0.344278983568473
